State,Region,Assessment Unit ID,Cycle,Water Status,Water Name,Water Type,Water Size,Size Unit,Water Type Group,Monitoring Scheduled Date
VT,1,VT14-05.02,2008,IMPAIRED,Tributary to Tabor Branch,RIVER,0.1,MILES,STREAM/CREEK/RIVER,-
VT,1,VT15-01.01,2008,IMPAIRED,Passumpsic Main Stem,RIVER,5,MILES,STREAM/CREEK/RIVER,-
VT,1,VT15-04.01,2008,IMPAIRED,Sleepers River,RIVER,1.5,MILES,STREAM/CREEK/RIVER,-
VT,1,VT17-01.01,2008,IMPAIRED,Crystal Brook,RIVER,0.3,MILES,STREAM/CREEK/RIVER,-
VT,1,VT17-02.01,2008,IMPAIRED,Stearns Brook,RIVER,0.5,MILES,STREAM/CREEK/RIVER,-
VT,1,VT16-11L01,2008,IMPAIRED,UNKNOWN (AVYGOR),FRESHWATER LAKE,19,ACRES,LAKE/RESERVOIR/POND,-
VT,1,VT16-11L02,2008,GOOD,LEWIS,FRESHWATER LAKE,68,ACRES,LAKE/RESERVOIR/POND,-
VT,1,VT16-11L03,2008,GOOD,MCCONNELL,FRESHWATER LAKE,87,ACRES,LAKE/RESERVOIR/POND,-
VT,1,VT05-07L04,2008,GOOD,LOST (GEORGA),FRESHWATER LAKE,10,ACRES,LAKE/RESERVOIR/POND,-
VT,1,VT05-08L01_01,2008,GOOD,LONG (MILTON),FRESHWATER LAKE,38,ACRES,LAKE/RESERVOIR/POND,-
VT,1,VT05-08L01_02,2008,GOOD,LONG (MILTON),FRESHWATER LAKE,9,ACRES,LAKE/RESERVOIR/POND,-
VT,1,VT02-01,2008,GOOD,Poultney Mainstem and tributaries,RIVER,18.8,MILES,STREAM/CREEK/RIVER,-
VT,1,VT02-02,2008,GOOD,Hubbardton River,RIVER,31,MILES,STREAM/CREEK/RIVER,-
VT,1,VT02-03,2008,GOOD,Castleton River,RIVER,47,MILES,STREAM/CREEK/RIVER,-
VT,1,VT02-04,2008,GOOD,Upper Poultney Watershed,RIVER,59.2,MILES,STREAM/CREEK/RIVER,-
VT,1,VT02-05,2008,GOOD,Mettawee River Watershed,RIVER,38.6,MILES,STREAM/CREEK/RIVER,-
VT,1,VT03-01,2008,GOOD,Lower Otter Creek,RIVER,18.1,MILES,STREAM/CREEK/RIVER,-
VT,1,VT03-02,2008,NOT_ASSESSED,Minor Tribs - Lower Otter Creek,RIVER,12,MILES,STREAM/CREEK/RIVER,-
VT,1,VT03-03,2008,NOT_ASSESSED,Mid-Main Stem Otter Creek,RIVER,34.1,MILES,STREAM/CREEK/RIVER,-
VT,1,VT03-04,2008,GOOD,Tribs to Mid Mainstem Otter Creek,RIVER,29,MILES,STREAM/CREEK/RIVER,-
VT,1,VT03-05,2008,GOOD,Upper Main Stem Otter Creek,RIVER,20.5,MILES,STREAM/CREEK/RIVER,-
VT,1,VT03-06,2008,GOOD,Tribs - Upper Main Stem Otter Creek,RIVER,8.7,MILES,STREAM/CREEK/RIVER,-
VT,1,VT03-07,2008,GOOD,Little Otter Creek minus segments,RIVER,78.7,MILES,STREAM/CREEK/RIVER,-
VT,1,VT03-08,2008,GOOD,Lewis Creek,RIVER,26.2,MILES,STREAM/CREEK/RIVER,-
VT,1,VT05-10L02_02,2008,IMPAIRED,CHAMP-MAIN LAKE,FRESHWATER LAKE,4201,ACRES,LAKE/RESERVOIR/POND,-
VT,1,VT05-11L01_01,2008,IMPAIRED,CHAMP-SHELBURNE BAY,FRESHWATER LAKE,1801,ACRES,LAKE/RESERVOIR/POND,-
VT,1,VT05-11L01_02,2008,IMPAIRED,CHAMP-SHELBURNE BAY,FRESHWATER LAKE,442,ACRES,LAKE/RESERVOIR/POND,-
VT,1,VT05-11L01_03,2008,IMPAIRED,CHAMP-SHELBURNE BAY,FRESHWATER LAKE,6,ACRES,LAKE/RESERVOIR/POND,-
VT,1,VT05-11L02_01,2008,GOOD,IROQUOIS,FRESHWATER LAKE,197,ACRES,LAKE/RESERVOIR/POND,-
VT,1,VT05-11L02_02,2008,IMPAIRED,IROQUOIS,FRESHWATER LAKE,46,ACRES,LAKE/RESERVOIR/POND,-
VT,1,VT05-11L03,2008,GOOD,LOWER,FRESHWATER LAKE,58,ACRES,LAKE/RESERVOIR/POND,-
VT,1,VT05-12L01,2008,GOOD,DUCK (SHELBN),FRESHWATER LAKE,4,ACRES,LAKE/RESERVOIR/POND,-
VT,1,VT06-03L01,2008,GOOD,OXBOW;,FRESHWATER LAKE,27,ACRES,LAKE/RESERVOIR/POND,-
VT,1,VT06-05L01,2008,IMPAIRED,METCALF,FRESHWATER LAKE,81,ACRES,LAKE/RESERVOIR/POND,-
VT,1,VT01-03L01_01,2008,GOOD,BIG,FRESHWATER LAKE,21,ACRES,LAKE/RESERVOIR/POND,-
VT,1,VT01-03L01_02,2008,GOOD,BIG,FRESHWATER LAKE,5,ACRES,LAKE/RESERVOIR/POND,-
VT,1,VT01-03L01_03,2008,GOOD,BIG,FRESHWATER LAKE,5,ACRES,LAKE/RESERVOIR/POND,-
VT,1,VT01-03L02_01,2008,GOOD,HANCOCK (STAMFD),FRESHWATER LAKE,41,ACRES,LAKE/RESERVOIR/POND,-
VT,1,VT01-03L02_02,2008,GOOD,HANCOCK (STAMFD),FRESHWATER LAKE,10,ACRES,LAKE/RESERVOIR/POND,-
VT,1,VT01-03L03,2008,GOOD,SOUTH STREAM,FRESHWATER LAKE,24,ACRES,LAKE/RESERVOIR/POND,-
VT,1,VT01-03L04,2008,GOOD,SHAFTSBURY,FRESHWATER LAKE,27,ACRES,LAKE/RESERVOIR/POND,-
VT,1,VT01-03L05,2008,GOOD,PARAN,FRESHWATER LAKE,40,ACRES,LAKE/RESERVOIR/POND,-
VT,1,VT01-03L06,2008,GOOD,THOMPSONS,FRESHWATER LAKE,28,ACRES,LAKE/RESERVOIR/POND,-
VT,1,VT01-03L07,2008,GOOD,BARBER,FRESHWATER LAKE,19,ACRES,LAKE/RESERVOIR/POND,-
VT,1,VT01-05L01,2008,IMPAIRED,BOURN,FRESHWATER LAKE,48,ACRES,LAKE/RESERVOIR/POND,-
VT,1,VT01-05L02,2008,IMPAIRED,MADELEINE,FRESHWATER LAKE,20,ACRES,LAKE/RESERVOIR/POND,-
VT,1,VT01-05L03,2008,GOOD,HOPPER,FRESHWATER LAKE,1,ACRES,LAKE/RESERVOIR/POND,-
VT,1,VT01-05L04,2008,GOOD,BARBOS,FRESHWATER LAKE,7,ACRES,LAKE/RESERVOIR/POND,-
VT,1,VT01-05L05,2008,GOOD,DUFRESNE,FRESHWATER LAKE,8,ACRES,LAKE/RESERVOIR/POND,-
VT,1,VT01-05L06,2008,GOOD,BULLHEAD (MANCHR),FRESHWATER LAKE,5,ACRES,LAKE/RESERVOIR/POND,-
VT,1,VT01-05L07,2008,GOOD,EQUINOX,FRESHWATER LAKE,15,ACRES,LAKE/RESERVOIR/POND,-
VT,1,VT01-05L08,2008,GOOD,PICKEREL,FRESHWATER LAKE,9,ACRES,LAKE/RESERVOIR/POND,-
VT,1,VT01-05L09,2008,GOOD,SOUTH VILLAGE,FRESHWATER LAKE,5,ACRES,LAKE/RESERVOIR/POND,-
VT,1,VT01-05L10,2008,IMPAIRED,LITTLE MUD (WINHLL),FRESHWATER LAKE,21,ACRES,LAKE/RESERVOIR/POND,-
VT,1,VT01-05L11,2008,IMPAIRED,LYE BROOK-N;,FRESHWATER LAKE,10,ACRES,LAKE/RESERVOIR/POND,-
VT,1,VT01-05L12,2008,IMPAIRED,LYE BROOK-S;,FRESHWATER LAKE,18,ACRES,LAKE/RESERVOIR/POND,-
VT,1,VT01-06L01,2008,IMPAIRED,BRANCH,FRESHWATER LAKE,34,ACRES,LAKE/RESERVOIR/POND,-
VT,1,VT01-06L02,2008,IMPAIRED,BEEBE (SUNDLD),FRESHWATER LAKE,8,ACRES,LAKE/RESERVOIR/POND,-
VT,1,VT01-06L03,2008,GOOD,MILLER;,FRESHWATER LAKE,11,ACRES,LAKE/RESERVOIR/POND,-
VT,1,VT01-06L04,2008,GOOD,LOST (SUNDLD),FRESHWATER LAKE,2,ACRES,LAKE/RESERVOIR/POND,-
VT,1,VT01-07L01,2008,GOOD,KENT HOLLOW;,FRESHWATER LAKE,10,ACRES,LAKE/RESERVOIR/POND,-
VT,1,VT02-01L01,2008,IMPAIRED,COGGMAN,FRESHWATER LAKE,20,ACRES,LAKE/RESERVOIR/POND,-
VT,1,VT02-01L02,2008,GOOD,BILLINGS MARSH,FRESHWATER LAKE,56,ACRES,LAKE/RESERVOIR/POND,-
VT,1,VT02-01L03_01,2008,GOOD,INMAN,FRESHWATER LAKE,68,ACRES,LAKE/RESERVOIR/POND,-
VT,1,VT02-01L03_02,2008,GOOD,INMAN,FRESHWATER LAKE,17,ACRES,LAKE/RESERVOIR/POND,-
VT,1,VT02-01L04_01,2008,GOOD,OLD MARSH,FRESHWATER LAKE,105,ACRES,LAKE/RESERVOIR/POND,-
VT,1,VT02-01L04_02,2008,GOOD,OLD MARSH,FRESHWATER LAKE,26,ACRES,LAKE/RESERVOIR/POND,-
VT,1,VT02-01L05_01,2008,GOOD,ROOT,FRESHWATER LAKE,14,ACRES,LAKE/RESERVOIR/POND,-
VT,1,VT02-01L05_02,2008,GOOD,ROOT,FRESHWATER LAKE,4,ACRES,LAKE/RESERVOIR/POND,-
VT,1,VT02-02L01_01,2008,GOOD,SPRUCE (ORWELL),FRESHWATER LAKE,24,ACRES,LAKE/RESERVOIR/POND,-
VT,1,VT02-02L01_02,2008,GOOD,SPRUCE (ORWELL),FRESHWATER LAKE,1,ACRES,LAKE/RESERVOIR/POND,-
VT,1,VT02-02L02_01,2008,GOOD,SUNRISE,FRESHWATER LAKE,31,ACRES,LAKE/RESERVOIR/POND,-
VT,1,VT02-02L02_02,2008,GOOD,SUNRISE,FRESHWATER LAKE,26,ACRES,LAKE/RESERVOIR/POND,-
VT,1,VT02-02L03_01,2008,GOOD,SUNSET (BENSON),FRESHWATER LAKE,161,ACRES,LAKE/RESERVOIR/POND,-
VT,1,VT02-02L03_02,2008,GOOD,SUNSET (BENSON),FRESHWATER LAKE,41,ACRES,LAKE/RESERVOIR/POND,-
VT,1,VT02-02L04_01,2008,GOOD,BURR (SUDBRY),FRESHWATER LAKE,45,ACRES,LAKE/RESERVOIR/POND,-
VT,1,VT02-02L04_02,2008,GOOD,BURR (SUDBRY),FRESHWATER LAKE,40,ACRES,LAKE/RESERVOIR/POND,-
VT,1,VT02-02L05_01,2008,GOOD,HORTONIA,FRESHWATER LAKE,319,ACRES,LAKE/RESERVOIR/POND,-
VT,1,VT02-02L05_02,2008,GOOD,HORTONIA,FRESHWATER LAKE,160,ACRES,LAKE/RESERVOIR/POND,-
VT,1,VT02-02L06_01,2008,GOOD,BLACK (HUBDTN),FRESHWATER LAKE,15,ACRES,LAKE/RESERVOIR/POND,-
VT,1,VT02-02L06_02,2008,GOOD,BLACK (HUBDTN),FRESHWATER LAKE,2,ACRES,LAKE/RESERVOIR/POND,-
VT,1,VT02-02L06_03,2008,IMPAIRED,BLACK (HUBDTN),FRESHWATER LAKE,1,ACRES,LAKE/RESERVOIR/POND,-
VT,1,VT02-02L06_04,2008,GOOD,BLACK (HUBDTN),FRESHWATER LAKE,2,ACRES,LAKE/RESERVOIR/POND,-
VT,1,VT02-02L07_01,2008,GOOD,MILL (BENSON),FRESHWATER LAKE,37,ACRES,LAKE/RESERVOIR/POND,-
VT,1,VT02-02L07_02,2008,GOOD,MILL (BENSON),FRESHWATER LAKE,2,ACRES,LAKE/RESERVOIR/POND,-
VT,1,VT02-02L08_01,2008,GOOD,HINKUM,FRESHWATER LAKE,48,ACRES,LAKE/RESERVOIR/POND,-
VT,1,VT02-02L08_02,2008,GOOD,HINKUM,FRESHWATER LAKE,12,ACRES,LAKE/RESERVOIR/POND,-
VT,1,VT02-02L09_01,2008,GOOD,BREESE,FRESHWATER LAKE,10,ACRES,LAKE/RESERVOIR/POND,-
VT,1,VT02-02L09_02,2008,GOOD,BREESE,FRESHWATER LAKE,2,ACRES,LAKE/RESERVOIR/POND,-
VT,1,VT02-02L10,2008,GOOD,CHOATE,FRESHWATER LAKE,11,ACRES,LAKE/RESERVOIR/POND,-
VT,1,VT02-02L11,2008,GOOD,MUD (ORWELL),FRESHWATER LAKE,10,ACRES,LAKE/RESERVOIR/POND,-
VT,1,VT02-02L12,2008,GOOD,HOUGH,FRESHWATER LAKE,16,ACRES,LAKE/RESERVOIR/POND,-
VT,1,VT02-02L13,2008,GOOD,DOUGHTY,FRESHWATER LAKE,17,ACRES,LAKE/RESERVOIR/POND,-
VT,1,VT02-03L01_01,2008,GOOD,ECHO (HUBDTN),FRESHWATER LAKE,40,ACRES,LAKE/RESERVOIR/POND,-
VT,1,VT02-03L01_02,2008,GOOD,ECHO (HUBDTN),FRESHWATER LAKE,14,ACRES,LAKE/RESERVOIR/POND,-
VT,1,VT02-03L02_01,2008,GOOD,BEEBE (HUBDTN),FRESHWATER LAKE,89,ACRES,LAKE/RESERVOIR/POND,-
VT,1,VT02-03L02_02,2008,GOOD,BEEBE (HUBDTN),FRESHWATER LAKE,17,ACRES,LAKE/RESERVOIR/POND,-
VT,1,VT02-03L02_03,2008,GOOD,BEEBE (HUBDTN),FRESHWATER LAKE,5,ACRES,LAKE/RESERVOIR/POND,-
VT,1,VT02-03L03,2008,GOOD,AUSTIN,FRESHWATER LAKE,28,ACRES,LAKE/RESERVOIR/POND,-
VT,1,VT02-03L04,2008,GOOD,HALF MOON,FRESHWATER LAKE,23,ACRES,LAKE/RESERVOIR/POND,-
VT,1,VT02-03L05_01,2008,GOOD,BOMOSEEN,FRESHWATER LAKE,1489,ACRES,LAKE/RESERVOIR/POND,-
VT,1,VT02-03L05_02,2008,IMPAIRED,BOMOSEEN,FRESHWATER LAKE,64,ACRES,LAKE/RESERVOIR/POND,-
VT,1,VT02-03L05_03,2008,IMPAIRED,BOMOSEEN,FRESHWATER LAKE,236,ACRES,LAKE/RESERVOIR/POND,-
VT,1,VT02-03L05_04,2008,GOOD,BOMOSEEN,FRESHWATER LAKE,566,ACRES,LAKE/RESERVOIR/POND,-
VT,1,VT02-03L05_05,2008,GOOD,BOMOSEEN,FRESHWATER LAKE,5,ACRES,LAKE/RESERVOIR/POND,-
VT,1,VT02-03L06_01,2008,GOOD,GLEN,FRESHWATER LAKE,196,ACRES,LAKE/RESERVOIR/POND,-
VT,1,VT02-03L06_02,2008,IMPAIRED,GLEN,FRESHWATER LAKE,10,ACRES,LAKE/RESERVOIR/POND,-
VT,1,VT02-03L07,2008,GOOD,LOVES MARSH,FRESHWATER LAKE,62,ACRES,LAKE/RESERVOIR/POND,-
VT,1,VT02-03L08,2008,GOOD,ROACH,FRESHWATER LAKE,20,ACRES,LAKE/RESERVOIR/POND,-
VT,1,VT02-03L09,2008,GOOD,PINE,FRESHWATER LAKE,40,ACRES,LAKE/RESERVOIR/POND,-
VT,1,VT02-03L10,2008,GOOD,BUTLER,FRESHWATER LAKE,3,ACRES,LAKE/RESERVOIR/POND,-
VT,1,VT02-03L11,2008,GOOD,HIGH (HUBDTN),FRESHWATER LAKE,3,ACRES,LAKE/RESERVOIR/POND,-
VT,1,VT02-03L12,2008,GOOD,LILY (CASLTN),FRESHWATER LAKE,9,ACRES,LAKE/RESERVOIR/POND,-
VT,1,VT02-03L13,2008,GOOD,QUARRY;,FRESHWATER LAKE,17,ACRES,LAKE/RESERVOIR/POND,-
VT,1,VT02-05L01,2008,GOOD,LILY (POULTY),FRESHWATER LAKE,22,ACRES,LAKE/RESERVOIR/POND,-
VT,1,VT02-05L02,2008,GOOD,LITTLE (WELLS),FRESHWATER LAKE,162,ACRES,LAKE/RESERVOIR/POND,-
VT,1,VT02-05L03_01,2008,GOOD,ST. CATHERINE,FRESHWATER LAKE,728,ACRES,LAKE/RESERVOIR/POND,-
VT,1,VT02-05L03_02,2008,GOOD,ST. CATHERINE,FRESHWATER LAKE,176,ACRES,LAKE/RESERVOIR/POND,-
VT,1,VT02-05L04,2008,GOOD,N.E. DEVELOPERS,FRESHWATER LAKE,27,ACRES,LAKE/RESERVOIR/POND,-
VT,1,VT02-05L05,2008,GOOD,FAN;,FRESHWATER LAKE,12,ACRES,LAKE/RESERVOIR/POND,-
VT,1,VT02-05L06,2008,GOOD,PINNACLE;,FRESHWATER LAKE,6,ACRES,LAKE/RESERVOIR/POND,-
VT,1,VT02-05L07_01,2008,GOOD,PRENTISS,FRESHWATER LAKE,3,ACRES,LAKE/RESERVOIR/POND,-
VT,1,VT02-05L07_02,2008,GOOD,PRENTISS,FRESHWATER LAKE,2,ACRES,LAKE/RESERVOIR/POND,-
VT,1,VT03-02L01_01,2008,GOOD,DANYOW,FRESHWATER LAKE,154,ACRES,LAKE/RESERVOIR/POND,-
VT,1,VT03-02L01_02,2008,GOOD,DANYOW,FRESHWATER LAKE,38,ACRES,LAKE/RESERVOIR/POND,-
VT,1,VT03-02L02,2008,GOOD,PORTER,FRESHWATER LAKE,20,ACRES,LAKE/RESERVOIR/POND,-
VT,1,VT03-04L01,2008,IMPAIRED,SUGAR HILL,FRESHWATER LAKE,63,ACRES,LAKE/RESERVOIR/POND,-
VT,1,VT03-04L02_01,2008,IMPAIRED,SILVER (LEICTR),FRESHWATER LAKE,81,ACRES,LAKE/RESERVOIR/POND,-
VT,1,VT03-04L02_02,2008,IMPAIRED,SILVER (LEICTR),FRESHWATER LAKE,20,ACRES,LAKE/RESERVOIR/POND,-
VT,1,VT03-04L03,2008,GOOD,MUDD,FRESHWATER LAKE,20,ACRES,LAKE/RESERVOIR/POND,-
VT,1,VT03-04L04_01,2008,GOOD,FERN,FRESHWATER LAKE,35,ACRES,LAKE/RESERVOIR/POND,-
VT,1,VT03-04L04_02,2008,GOOD,FERN,FRESHWATER LAKE,14,ACRES,LAKE/RESERVOIR/POND,-
VT,1,VT15-05L03,2008,GOOD,LILY (LYNDON),FRESHWATER LAKE,8,ACRES,LAKE/RESERVOIR/POND,-
VT,1,VT15-06L01,2008,GOOD,BRUCE,FRESHWATER LAKE,27,ACRES,LAKE/RESERVOIR/POND,-
VT,1,VT15-06L02,2008,GOOD,BLAKE (SHEFLD),FRESHWATER LAKE,7,ACRES,LAKE/RESERVOIR/POND,-
VT,1,VT15-07L01,2008,GOOD,NEWARK,FRESHWATER LAKE,153,ACRES,LAKE/RESERVOIR/POND,-
VT,1,VT15-07L02,2008,GOOD,MARL,FRESHWATER LAKE,10,ACRES,LAKE/RESERVOIR/POND,-
VT,1,VT15-07L03,2008,GOOD,SOUTH DOLLOFF,FRESHWATER LAKE,3,ACRES,LAKE/RESERVOIR/POND,-
VT,1,VT15-08L01,2008,GOOD,BALD HILL,FRESHWATER LAKE,108,ACRES,LAKE/RESERVOIR/POND,-
VT,1,VT15-08L02,2008,GOOD,SAWDUST,FRESHWATER LAKE,15,ACRES,LAKE/RESERVOIR/POND,-
VT,1,VT15-08L03_01,2008,GOOD,CENTER ,FRESHWATER LAKE,69,ACRES,LAKE/RESERVOIR/POND,-
VT,1,VT15-08L03_02,2008,GOOD,CENTER ,FRESHWATER LAKE,10,ACRES,LAKE/RESERVOIR/POND,-
VT,1,VT15-08L04,2008,GOOD,BROWN,FRESHWATER LAKE,15,ACRES,LAKE/RESERVOIR/POND,-
VT,1,VT15-08L05_01,2008,GOOD,WALKER (NEWARK),FRESHWATER LAKE,2,ACRES,LAKE/RESERVOIR/POND,-
VT,1,VT15-08L05_02,2008,GOOD,WALKER (NEWARK),FRESHWATER LAKE,1,ACRES,LAKE/RESERVOIR/POND,-
VT,1,VT15-08L06,2008,GOOD,BECK,FRESHWATER LAKE,6,ACRES,LAKE/RESERVOIR/POND,-
VT,1,VT15-08L07,2008,GOOD,DUCK (BURKE),FRESHWATER LAKE,4,ACRES,LAKE/RESERVOIR/POND,-
VT,1,VT15-09L01,2008,GOOD,MUD (GRANBY),FRESHWATER LAKE,55,ACRES,LAKE/RESERVOIR/POND,-
VT,1,VT15-09L02,2008,GOOD,COW MOUNTAIN ,FRESHWATER LAKE,10,ACRES,LAKE/RESERVOIR/POND,-
VT,1,VT15-09L03,2008,GOOD,JOHNSON (KIRBY),FRESHWATER LAKE,7,ACRES,LAKE/RESERVOIR/POND,-
VT,1,VT15-09L04_01,2008,GOOD,STILES,FRESHWATER LAKE,115,ACRES,LAKE/RESERVOIR/POND,-
VT,1,VT15-09L04_02,2008,GOOD,STILES,FRESHWATER LAKE,20,ACRES,LAKE/RESERVOIR/POND,-
VT,1,VT15-09L05_01,2008,GOOD,KIRBY,FRESHWATER LAKE,2,ACRES,LAKE/RESERVOIR/POND,-
VT,1,VT15-09L05_02,2008,GOOD,KIRBY,FRESHWATER LAKE,8,ACRES,LAKE/RESERVOIR/POND,-
VT,1,VT15-09L06,2008,GOOD,DUCK (WATRFD),FRESHWATER LAKE,16,ACRES,LAKE/RESERVOIR/POND,-
VT,1,VT15-09L07,2008,GOOD,MUD (EHAVEN),FRESHWATER LAKE,5,ACRES,LAKE/RESERVOIR/POND,-
VT,1,VT16-01L01,2008,GOOD,LEWIN,FRESHWATER LAKE,4,ACRES,LAKE/RESERVOIR/POND,-
VT,1,VT16-04L01,2008,IMPAIRED,MOORE,FRESHWATER LAKE,1235,ACRES,LAKE/RESERVOIR/POND,-
VT,1,VT16-05L01,2008,IMPAIRED,COMERFORD,FRESHWATER LAKE,777,ACRES,LAKE/RESERVOIR/POND,-
VT,1,VT16-05L02,2008,NOT_ASSESSED,CHANDLER;,FRESHWATER LAKE,6,ACRES,LAKE/RESERVOIR/POND,-
VT,1,VT16-07L01,2008,GOOD,LEIGHTON HILL;,FRESHWATER LAKE,6,ACRES,LAKE/RESERVOIR/POND,-
VT,1,VT16-08L01,2008,GOOD,FOREST (AVERLL),FRESHWATER LAKE,62,ACRES,LAKE/RESERVOIR/POND,-
VT,1,VT16-08L02_01,2008,GOOD,WALLACE,FRESHWATER LAKE,502,ACRES,LAKE/RESERVOIR/POND,-
VT,1,VT16-08L02_02,2008,GOOD,WALLACE,FRESHWATER LAKE,30,ACRES,LAKE/RESERVOIR/POND,-
VT,1,VT16-09L01,2008,GOOD,BLODGETT;,FRESHWATER LAKE,15,ACRES,LAKE/RESERVOIR/POND,-
VT,1,VT10-15L02_01,2008,GOOD,AMHERST,FRESHWATER LAKE,76,ACRES,LAKE/RESERVOIR/POND,-
VT,1,VT10-15L02_02,2008,GOOD,AMHERST,FRESHWATER LAKE,5,ACRES,LAKE/RESERVOIR/POND,-
VT,1,VT10-15L03,2008,GOOD,ECHO (PLYMTH),FRESHWATER LAKE,104,ACRES,LAKE/RESERVOIR/POND,-
VT,1,VT10-15L04,2008,GOOD,READING,FRESHWATER LAKE,22,ACRES,LAKE/RESERVOIR/POND,-
VT,1,VT10-15L05,2008,GOOD,NINEVAH,FRESHWATER LAKE,171,ACRES,LAKE/RESERVOIR/POND,-
VT,1,VT10-15L06,2008,GOOD,TINY,FRESHWATER LAKE,29,ACRES,LAKE/RESERVOIR/POND,-
VT,1,VT10-15L07,2008,GOOD,RESERVOIR,FRESHWATER LAKE,32,ACRES,LAKE/RESERVOIR/POND,-
VT,1,VT10-15L08_01,2008,GOOD,RESCUE,FRESHWATER LAKE,144,ACRES,LAKE/RESERVOIR/POND,-
VT,1,VT10-15L08_02,2008,GOOD,RESCUE,FRESHWATER LAKE,17,ACRES,LAKE/RESERVOIR/POND,-
VT,1,VT10-15L08_03,2008,GOOD,RESCUE,FRESHWATER LAKE,19,ACRES,LAKE/RESERVOIR/POND,-
VT,1,VT10-16L01,2008,GOOD,KNAPP BROOK #1,FRESHWATER LAKE,25,ACRES,LAKE/RESERVOIR/POND,-
VT,1,VT03-09,2008,GOOD,Dead Creek minus segment,RIVER,17,MILES,STREAM/CREEK/RIVER,-
VT,1,VT03-10,2008,GOOD,Lemon Fair River,RIVER,76,MILES,STREAM/CREEK/RIVER,-
VT,1,VT03-11,2008,GOOD,New Haven River,RIVER,49.4,MILES,STREAM/CREEK/RIVER,-
VT,1,VT03-12,2008,GOOD,Middlebury River minus segment,RIVER,31.1,MILES,STREAM/CREEK/RIVER,-
VT,1,VT03-13,2008,GOOD,Furnace Brook and tribs,RIVER,61,MILES,STREAM/CREEK/RIVER,-
VT,1,VT03-14,2008,GOOD,East Creek,RIVER,29.3,MILES,STREAM/CREEK/RIVER,-
VT,1,VT03-15,2008,GOOD,Clarendon River,RIVER,17,MILES,STREAM/CREEK/RIVER,-
VT,1,VT03-16,2008,GOOD,Cold River,RIVER,16,MILES,STREAM/CREEK/RIVER,-
VT,1,VT03-17,2008,GOOD,Mill River,RIVER,24,MILES,STREAM/CREEK/RIVER,-
VT,1,VT03-18,2008,GOOD,Upper Otter Creek Watershed,RIVER,51.2,MILES,STREAM/CREEK/RIVER,-
VT,1,VT01-04,2008,GOOD,Batten Kill Main Stem,RIVER,20,MILES,STREAM/CREEK/RIVER,-
VT,1,VT01-05,2008,GOOD,Tributaries to the Batten Kill,RIVER,51,MILES,STREAM/CREEK/RIVER,-
VT,1,VT01-06,2008,GOOD,Roaring Branch,RIVER,27.5,MILES,STREAM/CREEK/RIVER,-
VT,1,VT01-07,2008,GOOD,Tributaries direct to NY state,RIVER,23,MILES,STREAM/CREEK/RIVER,-
VT,1,VT04-01,2008,NOT_ASSESSED,Streams to northern section of Lower Champlain,RIVER,7,MILES,STREAM/CREEK/RIVER,-
VT,1,VT04-02,2008,GOOD,Streams to middle section of Lower Champlain,RIVER,24.5,MILES,STREAM/CREEK/RIVER,-
VT,1,VT04-03,2008,GOOD,East Creek,RIVER,37.1,MILES,STREAM/CREEK/RIVER,-
VT,1,VT04-04,2008,GOOD,Southern Section of Lower Champlain,RIVER,4.5,MILES,STREAM/CREEK/RIVER,-
VT,1,VT05-01,2008,GOOD,Rock River,RIVER,19.8,MILES,STREAM/CREEK/RIVER,-
VT,1,VT05-02,2008,GOOD,Pike River,RIVER,25.5,MILES,STREAM/CREEK/RIVER,-
VT,1,VT05-03,2008,GOOD,Alburg Drainage,RIVER,4.7,MILES,STREAM/CREEK/RIVER,-
VT,1,VT05-04,2008,GOOD,North Hero Land Drainage,RIVER,1,MILES,STREAM/CREEK/RIVER,-
VT,1,VT05-05,2008,GOOD,Grand Isle Land Drainage,RIVER,2,MILES,STREAM/CREEK/RIVER,-
VT,1,VT05-06,2008,NOT_ASSESSED,Upper Northeast Arm Direct,RIVER,6,MILES,STREAM/CREEK/RIVER,-
VT,1,VT05-07,2008,GOOD,St. Albans Bay Drainage,RIVER,11.6,MILES,STREAM/CREEK/RIVER,-
VT,1,VT05-08,2008,NOT_ASSESSED,Lower Northeast Arm Direct,RIVER,7,MILES,STREAM/CREEK/RIVER,-
VT,1,VT05-09,2008,GOOD,Malletts Bay Drainage,RIVER,32.8,MILES,STREAM/CREEK/RIVER,-
VT,1,VT05-10,2008,NOT_ASSESSED,Burlington Direct Land Drainage,RIVER,2.2,MILES,STREAM/CREEK/RIVER,-
VT,1,VT05-11,2008,NOT_ASSESSED,Shelburne Bay Direct Drainage,RIVER,44.3,MILES,STREAM/CREEK/RIVER,-
VT,1,VT05-12,2008,NOT_ASSESSED,Southern Main Lake Direct,RIVER,3.5,MILES,STREAM/CREEK/RIVER,-
VT,1,VT06-01,2008,GOOD,Lower Missisquoi River,RIVER,25.1,MILES,STREAM/CREEK/RIVER,-
VT,1,VT06-02,2008,GOOD,Mid Missisquoi River,RIVER,22.8,MILES,STREAM/CREEK/RIVER,-
VT,1,VT06-03,2008,GOOD,Tributaries to Lower Missisquoi River,RIVER,32.7,MILES,STREAM/CREEK/RIVER,-
VT,1,VT06-04,2008,GOOD,Tributaries to Mid Missisquoi River,RIVER,55.3,MILES,STREAM/CREEK/RIVER,-
VT,1,VT06-05,2008,GOOD,Black Creek,RIVER,38.3,MILES,STREAM/CREEK/RIVER,-
VT,1,VT06-06,2008,GOOD,Tyler Branch,RIVER,54.1,MILES,STREAM/CREEK/RIVER,-
VT,1,VT06-07,2008,GOOD,Trout River,RIVER,45,MILES,STREAM/CREEK/RIVER,-
VT,1,VT06-08,2008,GOOD,Upper Missisquoi River,RIVER,100,MILES,STREAM/CREEK/RIVER,-
VT,1,VT07-01,2008,GOOD,Lower Lamoille,RIVER,10,MILES,STREAM/CREEK/RIVER,-
VT,1,VT07-02,2008,GOOD,Lower Mid-Lamoille,RIVER,5,MILES,STREAM/CREEK/RIVER,-
VT,1,VT07-03,2008,NOT_ASSESSED,Minor Tribs - Lower Mid-Lamoille,RIVER,23.5,MILES,STREAM/CREEK/RIVER,-
VT,1,VT07-04,2008,GOOD,Upper Mid-Lamoille,RIVER,48,MILES,STREAM/CREEK/RIVER,-
VT,1,VT07-05,2008,GOOD,Minor Tribs - Upper Mid-Lamoille (A),RIVER,20.5,MILES,STREAM/CREEK/RIVER,-
VT,1,VT07-06,2008,GOOD,Minor Tribs - Upper Mid-Lamoille (B),RIVER,30.5,MILES,STREAM/CREEK/RIVER,-
VT,1,VT07-07,2008,IMPAIRED,Upper Lamoille River,RIVER,15.7,MILES,STREAM/CREEK/RIVER,-
VT,1,VT07-08,2008,GOOD,Tributaries to  Upper Lamoille River,RIVER,55.5,MILES,STREAM/CREEK/RIVER,-
VT,1,VT07-09,2008,GOOD,Mill Brook,RIVER,10.5,MILES,STREAM/CREEK/RIVER,-
VT,1,VT07-10,2008,GOOD,Lower Browns River,RIVER,25,MILES,STREAM/CREEK/RIVER,-
VT,1,VT07-11,2008,GOOD,Upper Browns River,RIVER,38.2,MILES,STREAM/CREEK/RIVER,-
VT,1,VT07-12,2008,GOOD,Seymour River,RIVER,11.5,MILES,STREAM/CREEK/RIVER,-
VT,1,VT07-13,2008,GOOD,Brewster River,RIVER,19.1,MILES,STREAM/CREEK/RIVER,-
VT,1,VT07-14,2008,GOOD,North Branch - Lamoille River,RIVER,36.5,MILES,STREAM/CREEK/RIVER,-
VT,1,VT07-15,2008,GOOD,Gihon River,RIVER,39.5,MILES,STREAM/CREEK/RIVER,-
VT,1,VT07-16,2008,GOOD,Kenfield Brook,RIVER,12.5,MILES,STREAM/CREEK/RIVER,-
VT,1,VT07-17,2008,GOOD,Ryder Brook,RIVER,29.5,MILES,STREAM/CREEK/RIVER,-
VT,1,VT07-18,2008,GOOD,Green River,RIVER,25.6,MILES,STREAM/CREEK/RIVER,-
VT,1,VT07-19,2008,GOOD,Wild Branch,RIVER,43.9,MILES,STREAM/CREEK/RIVER,-
VT,1,VT07-20,2008,GOOD,Elmore Branch,RIVER,25.2,MILES,STREAM/CREEK/RIVER,-
VT,1,VT07-21,2008,GOOD,Lower Headwaters Lamoille River,RIVER,33.3,MILES,STREAM/CREEK/RIVER,-
VT,1,VT07-22,2008,GOOD,Upper Headwaters - Lamoille River,RIVER,41.8,MILES,STREAM/CREEK/RIVER,-
VT,1,VT08-01,2008,GOOD,Lower Winooski River,RIVER,11,MILES,STREAM/CREEK/RIVER,-
VT,1,VT08-02,2008,GOOD,Tributaries to Lower Winooski,RIVER,44.7,MILES,STREAM/CREEK/RIVER,-
VT,1,VT08-03,2008,GOOD,Lower Mid-Winooski River,RIVER,20,MILES,STREAM/CREEK/RIVER,-
VT,1,VT08-04,2008,GOOD,Tributaries to Lower Mid-Winooski,RIVER,40.5,MILES,STREAM/CREEK/RIVER,-
VT,1,VT08-05,2008,GOOD,Upper Mid-Winooski River,RIVER,13,MILES,STREAM/CREEK/RIVER,-
VT,1,VT08-06,2008,GOOD,Tributaries to Upper Mid-Winooski,RIVER,28.8,MILES,STREAM/CREEK/RIVER,-
VT,1,VT08-07,2008,GOOD,Upper Winooski River,RIVER,20.4,MILES,STREAM/CREEK/RIVER,-
VT,1,VT08-08,2008,GOOD,Tributaries to Upper Winooski,RIVER,33.9,MILES,STREAM/CREEK/RIVER,-
VT,1,VT08-09,2008,GOOD,Winooski River Headwaters,RIVER,30.7,MILES,STREAM/CREEK/RIVER,-
VT,1,VT08-10,2008,GOOD,Huntington River,RIVER,31,MILES,STREAM/CREEK/RIVER,-
VT,1,VT08-11,2008,GOOD,Lower Little River,RIVER,42.2,MILES,STREAM/CREEK/RIVER,-
VT,1,VT08-12,2008,GOOD,Upper Little River,RIVER,60.8,MILES,STREAM/CREEK/RIVER,-
VT,1,VT08-13,2008,GOOD,North Branch Winooski River,RIVER,55.1,MILES,STREAM/CREEK/RIVER,-
VT,1,VT08-14,2008,GOOD,Kingsbury Branch Winooski River,RIVER,26,MILES,STREAM/CREEK/RIVER,-
VT,1,VT08-15,2008,GOOD,Jail Branch Winooski River,RIVER,23,MILES,STREAM/CREEK/RIVER,-
VT,1,VT08-16,2008,GOOD,Stevens Branch  Winooski River,RIVER,27.9,MILES,STREAM/CREEK/RIVER,-
VT,1,VT08-17,2008,GOOD,Dog River,RIVER,53.5,MILES,STREAM/CREEK/RIVER,-
VT,1,VT08-18,2008,GOOD,Mad River,RIVER,19.8,MILES,STREAM/CREEK/RIVER,-
VT,1,VT08-19,2008,GOOD,Lower Mad River tributaries,RIVER,26.3,MILES,STREAM/CREEK/RIVER,-
VT,1,VT08-20,2008,GOOD,Upper Mad River tributaries,RIVER,100,MILES,STREAM/CREEK/RIVER,-
VT,1,VT09-01,2008,GOOD,Lower White River Main Stem,RIVER,26,MILES,STREAM/CREEK/RIVER,-
VT,1,VT09-02,2008,GOOD,Middle White River Main Stem,RIVER,24,MILES,STREAM/CREEK/RIVER,-
VT,1,VT09-03,2008,GOOD,Minor Tributaries - Lower White R. mainstem,RIVER,54.5,MILES,STREAM/CREEK/RIVER,-
VT,1,VT09-04,2008,GOOD,First Branch - White River,RIVER,61.9,MILES,STREAM/CREEK/RIVER,-
VT,1,VT09-05,2008,GOOD,Second Branch - White River,RIVER,50.5,MILES,STREAM/CREEK/RIVER,-
VT,1,VT09-06,2008,GOOD,Third Branch - White River,RIVER,94.7,MILES,STREAM/CREEK/RIVER,-
VT,1,VT09-07,2008,GOOD,Upper White River Watershed,RIVER,145.4,MILES,STREAM/CREEK/RIVER,-
VT,1,VT10-01,2008,GOOD,Lower Ottauquechee River,RIVER,16.5,MILES,STREAM/CREEK/RIVER,-
VT,1,VT10-02,2008,GOOD,Minor Tribs - Lower Ottauquechee,RIVER,21.5,MILES,STREAM/CREEK/RIVER,-
VT,1,VT10-03,2008,GOOD,Mid-Ottauquechee River,RIVER,10,MILES,STREAM/CREEK/RIVER,-
VT,1,VT10-04,2008,GOOD,Minor Tribs - Mid Ottauquechee,RIVER,5.5,MILES,STREAM/CREEK/RIVER,-
VT,1,VT10-05,2008,GOOD,Upper Ottauquechee River,RIVER,12,MILES,STREAM/CREEK/RIVER,-
VT,1,VT10-06,2008,NOT_ASSESSED,Tributaries to Upper Ottauquechee,RIVER,18.8,MILES,STREAM/CREEK/RIVER,-
VT,1,VT10-07,2008,GOOD,Kedron Brook,RIVER,15.4,MILES,STREAM/CREEK/RIVER,-
VT,1,VT10-08,2008,GOOD,Broad Brook,RIVER,14,MILES,STREAM/CREEK/RIVER,-
VT,1,VT10-09,2008,GOOD,North Branch Ottauquechee River,RIVER,13.5,MILES,STREAM/CREEK/RIVER,-
VT,1,VT10-10,2008,GOOD,Barnard Brook,RIVER,30.3,MILES,STREAM/CREEK/RIVER,-
VT,1,VT10-11,2008,GOOD,Lower Black River,RIVER,6.3,MILES,STREAM/CREEK/RIVER,-
VT,1,VT10-12,2008,GOOD,Tributaries to the Lower Black River,RIVER,29,MILES,STREAM/CREEK/RIVER,-
VT,1,VT10-13,2008,GOOD,Mid-Black River,RIVER,19,MILES,STREAM/CREEK/RIVER,-
VT,1,VT10-14,2008,GOOD,Upper Black River,RIVER,21.6,MILES,STREAM/CREEK/RIVER,-
VT,1,VT10-15,2008,GOOD,Black River Headwaters,RIVER,25.5,MILES,STREAM/CREEK/RIVER,-
VT,1,VT10-16,2008,GOOD,North Branch - Black River,RIVER,19,MILES,STREAM/CREEK/RIVER,-
VT,1,VT11-01,2008,GOOD,Lower Williams River,RIVER,10.5,MILES,STREAM/CREEK/RIVER,-
VT,1,VT11-02,2008,GOOD,Minor Tribs - Lower Williams,RIVER,8,MILES,STREAM/CREEK/RIVER,-
VT,1,VT11-03,2008,GOOD,Middle Branch - Williams River,RIVER,35,MILES,STREAM/CREEK/RIVER,-
VT,1,VT11-04,2008,GOOD,Upper Williams River,RIVER,21.9,MILES,STREAM/CREEK/RIVER,-
VT,1,VT11-05,2008,NOT_ASSESSED,Lower Saxtons River,RIVER,29,MILES,STREAM/CREEK/RIVER,-
VT,1,VT11-06,2008,GOOD,Upper Saxtons River,RIVER,31,MILES,STREAM/CREEK/RIVER,-
VT,1,VT11-07,2008,GOOD,Lower West River,RIVER,12,MILES,STREAM/CREEK/RIVER,-
VT,1,VT11-08,2008,GOOD,Tributaries to the Lower West River,RIVER,18.5,MILES,STREAM/CREEK/RIVER,-
VT,1,VT11-09,2008,GOOD,Rock River,RIVER,26.5,MILES,STREAM/CREEK/RIVER,-
VT,1,VT11-10,2008,GOOD,Mid-West River,RIVER,10,MILES,STREAM/CREEK/RIVER,-
VT,1,VT11-11,2008,GOOD,Grassy Brook,RIVER,22.5,MILES,STREAM/CREEK/RIVER,-
VT,1,VT11-12,2008,GOOD,Tributaries to Mid-West River,RIVER,18.5,MILES,STREAM/CREEK/RIVER,-
VT,1,VT11-13,2008,GOOD,Cobb & Turkey Mountain Brooks,RIVER,17,MILES,STREAM/CREEK/RIVER,-
VT,1,VT11-14,2008,GOOD,Wardsboro Brook,RIVER,34.8,MILES,STREAM/CREEK/RIVER,-
VT,1,VT11-15,2008,GOOD,Ball Mountain Brook,RIVER,31.5,MILES,STREAM/CREEK/RIVER,-
VT,1,VT11-16,2008,GOOD,Winhall River,RIVER,49.1,MILES,STREAM/CREEK/RIVER,-
VT,1,VT11-17,2008,GOOD,Upper West River,RIVER,16.5,MILES,STREAM/CREEK/RIVER,-
VT,1,VT11-18,2008,GOOD,Tributaries to the Upper West River,RIVER,31,MILES,STREAM/CREEK/RIVER,-
VT,1,VT12-01,2008,GOOD,Lower Deerfield River,RIVER,15.7,MILES,STREAM/CREEK/RIVER,-
VT,1,VT12-02,2008,GOOD,West Branch Deerfield River,RIVER,22,MILES,STREAM/CREEK/RIVER,-
VT,1,VT12-03,2008,GOOD,East Branch Deerfield River,RIVER,16.7,MILES,STREAM/CREEK/RIVER,-
VT,1,VT12-04,2008,GOOD,Upper Deerfield River,RIVER,59.9,MILES,STREAM/CREEK/RIVER,-
VT,1,VT12-05,2008,GOOD,North Branch Deerfield River,RIVER,35.1,MILES,STREAM/CREEK/RIVER,-
VT,1,VT12-06,2008,GOOD,Green River,RIVER,36,MILES,STREAM/CREEK/RIVER,-
VT,1,VT12-07,2008,NOT_ASSESSED,East Branch North River,RIVER,16.2,MILES,STREAM/CREEK/RIVER,-
VT,1,VT13-01,2008,GOOD,Upper Southern Connecticut River,RIVER,20.5,MILES,STREAM/CREEK/RIVER,-
VT,1,VT13-02,2008,IMPAIRED,Upper Mid-Southern Connecticut River,RIVER,21.5,MILES,STREAM/CREEK/RIVER,-
VT,1,VT13-03,2008,IMPAIRED,Mid-Southern Connecticut River,RIVER,24,MILES,STREAM/CREEK/RIVER,-
VT,1,VT13-04,2008,IMPAIRED,Vernon Impoundment,RIVER,7.5,MILES,STREAM/CREEK/RIVER,-
VT,1,VT13-05,2008,IMPAIRED,Lower Connecticut River,RIVER,5.5,MILES,STREAM/CREEK/RIVER,-
VT,1,VT13-06,2008,GOOD,Hartford Direct Drainage,RIVER,7.5,MILES,STREAM/CREEK/RIVER,-
VT,1,VT13-07,2008,GOOD,Hartland - Windsor Direct Drainage,RIVER,36.3,MILES,STREAM/CREEK/RIVER,-
VT,1,VT13-08,2008,GOOD,Reading - Windsor Direct Drainages,RIVER,35,MILES,STREAM/CREEK/RIVER,-
VT,1,VT13-09,2008,GOOD,Weathersfield-Springfield Direct Drainages,RIVER,18.6,MILES,STREAM/CREEK/RIVER,-
VT,1,VT13-10,2008,NOT_ASSESSED,Springfield-Rockingham Direct Drainages,RIVER,18.4,MILES,STREAM/CREEK/RIVER,-
VT,1,VT13-11,2008,GOOD,Westminster Direct Drainages,RIVER,11,MILES,STREAM/CREEK/RIVER,-
VT,1,VT13-12,2008,GOOD,Sacketts Brook,RIVER,6.5,MILES,STREAM/CREEK/RIVER,-
VT,1,VT13-13,2008,GOOD,Dummerston Direct Drainages,RIVER,11.8,MILES,STREAM/CREEK/RIVER,-
VT,1,VT13-14,2008,GOOD,Whetstone Brook,RIVER,17.3,MILES,STREAM/CREEK/RIVER,-
VT,1,VT13-15,2008,GOOD,Broad Brook,RIVER,14,MILES,STREAM/CREEK/RIVER,-
VT,1,VT13-16,2008,GOOD,Vernon Direct Drainages,RIVER,12.8,MILES,STREAM/CREEK/RIVER,-
VT,1,VT13-17,2008,GOOD,Mass Direct Drainage,RIVER,11.5,MILES,STREAM/CREEK/RIVER,-
VT,1,VT14-01,2008,GOOD,Lower Ompompanoosuc River,RIVER,7,MILES,STREAM/CREEK/RIVER,-
VT,1,VT14-02,2008,GOOD,West Branch Ompompanoosuc River,RIVER,22.2,MILES,STREAM/CREEK/RIVER,-
VT,1,VT14-03,2008,GOOD,Ompompanoosuc River,RIVER,19,MILES,STREAM/CREEK/RIVER,-
VT,1,VT14-04,2008,GOOD,Lower Waits River,RIVER,16.3,MILES,STREAM/CREEK/RIVER,-
VT,1,VT14-05,2008,GOOD,Upper Waits River,RIVER,42.4,MILES,STREAM/CREEK/RIVER,-
VT,1,VT14-06,2008,GOOD,South Branch Waits River,RIVER,27,MILES,STREAM/CREEK/RIVER,-
VT,1,VT14-07,2008,GOOD,Lower Wells River,RIVER,55.5,MILES,STREAM/CREEK/RIVER,-
VT,1,VT14-08,2008,GOOD,Upper Wells River,RIVER,11.5,MILES,STREAM/CREEK/RIVER,-
VT,1,VT14-09,2008,GOOD,Stevens River,RIVER,38.2,MILES,STREAM/CREEK/RIVER,-
VT,1,VT15-01,2008,GOOD,Passumpsic Main Stem,RIVER,15.2,MILES,STREAM/CREEK/RIVER,-
VT,1,VT15-02,2008,NOT_ASSESSED,Joes Brook,RIVER,40,MILES,STREAM/CREEK/RIVER,-
VT,1,VT15-03,2008,GOOD,Lower Minor Tribs - Passumpsic River,RIVER,13,MILES,STREAM/CREEK/RIVER,-
VT,1,VT15-04,2008,GOOD,Sleepers River,RIVER,45.5,MILES,STREAM/CREEK/RIVER,-
VT,1,VT15-05,2008,NOT_ASSESSED,Upper Tributaries - Passumpsic River,RIVER,35.2,MILES,STREAM/CREEK/RIVER,-
VT,1,VT15-06,2008,GOOD,Miller's Run,RIVER,40.5,MILES,STREAM/CREEK/RIVER,-
VT,1,VT15-07,2008,NOT_ASSESSED,West Branch Passumpsic,RIVER,42.8,MILES,STREAM/CREEK/RIVER,-
VT,1,VT15-08,2008,GOOD,East Branch Passumpsic,RIVER,38.6,MILES,STREAM/CREEK/RIVER,-
VT,1,VT15-09,2008,GOOD,Moose River,RIVER,60,MILES,STREAM/CREEK/RIVER,-
VT,1,VT16-01,2008,NOT_ASSESSED,Upper Connecticut River,RIVER,31,MILES,STREAM/CREEK/RIVER,-
VT,1,VT16-02,2008,NOT_ASSESSED,Lower Upper Connecticut,RIVER,22.5,MILES,STREAM/CREEK/RIVER,-
VT,1,VT16-03,2008,NOT_ASSESSED,Northern Connecticut River,RIVER,27,MILES,STREAM/CREEK/RIVER,-
VT,1,VT16-06,2008,NOT_ASSESSED,Mid-Northern Connecticut River,RIVER,14.2,MILES,STREAM/CREEK/RIVER,-
VT,1,VT16-07,2008,GOOD,Lower Northern Connecticut River,RIVER,47.3,MILES,STREAM/CREEK/RIVER,-
VT,1,VT16-08,2008,NOT_ASSESSED,Canaan Streams to Conn R.,RIVER,14.5,MILES,STREAM/CREEK/RIVER,-
VT,1,VT16-09,2008,NOT_ASSESSED,Lemington/Bloomfield Direct Tribs,RIVER,26,MILES,STREAM/CREEK/RIVER,-
VT,1,VT16-10,2008,GOOD,East Branch  Nulhegan River,RIVER,13,MILES,STREAM/CREEK/RIVER,-
VT,1,VT16-11,2008,GOOD,Nulhegan River,RIVER,64.5,MILES,STREAM/CREEK/RIVER,-
VT,1,VT16-12,2008,GOOD,Wheeler Stream,RIVER,11.5,MILES,STREAM/CREEK/RIVER,-
VT,1,VT16-13,2008,GOOD,Paul Stream,RIVER,19,MILES,STREAM/CREEK/RIVER,-
VT,1,VT16-14,2008,GOOD,Maidstone-Guildhall Direct Drainage,RIVER,18,MILES,STREAM/CREEK/RIVER,-
VT,1,VT16-15,2008,GOOD,Guildhall-Lunenburg Direct Drainages,RIVER,24,MILES,STREAM/CREEK/RIVER,-
VT,1,VT16-16,2008,GOOD,Concord Direct Drainage,RIVER,23.5,MILES,STREAM/CREEK/RIVER,-
VT,1,VT16-17,2008,NOT_ASSESSED,Waterford Direct Drainage,RIVER,6,MILES,STREAM/CREEK/RIVER,-
VT,1,VT16-18,2008,NOT_ASSESSED,Barnet-Ryegate Direct Drainage,RIVER,8.3,MILES,STREAM/CREEK/RIVER,-
VT,1,VT16-19,2008,NOT_ASSESSED,Newbury Direct Drainage,RIVER,22,MILES,STREAM/CREEK/RIVER,-
VT,1,VT16-20,2008,NOT_ASSESSED,Bradford-Fairlee-Thetford Direct Drainage,RIVER,9.7,MILES,STREAM/CREEK/RIVER,-
VT,1,VT16-21,2008,GOOD,Norwich Direct Drainage,RIVER,17,MILES,STREAM/CREEK/RIVER,-
VT,1,VT17-01,2008,GOOD,Lake Memphremagog Direct,RIVER,8.2,MILES,STREAM/CREEK/RIVER,-
VT,1,VT17-02,2008,NOT_ASSESSED,Tomifobia River,RIVER,17,MILES,STREAM/CREEK/RIVER,-
VT,1,VT17-03,2008,GOOD,Coaticook River,RIVER,37,MILES,STREAM/CREEK/RIVER,-
VT,1,VT17-04,2008,GOOD,Lower Clyde River,RIVER,32,MILES,STREAM/CREEK/RIVER,-
VT,1,VT17-05,2008,NOT_ASSESSED,Upper Clyde River,RIVER,43.1,MILES,STREAM/CREEK/RIVER,-
VT,1,VT17-06,2008,NOT_ASSESSED,Willoughby River,RIVER,30.5,MILES,STREAM/CREEK/RIVER,-
VT,1,VT17-07,2008,GOOD,Lower Barton River,RIVER,24.3,MILES,STREAM/CREEK/RIVER,-
VT,1,VT17-08,2008,NOT_ASSESSED,Upper Barton River,RIVER,69.7,MILES,STREAM/CREEK/RIVER,-
VT,1,VT17-09,2008,NOT_ASSESSED,Lower Black River,RIVER,24.5,MILES,STREAM/CREEK/RIVER,-
VT,1,VT17-10,2008,GOOD,Upper Black River,RIVER,60.2,MILES,STREAM/CREEK/RIVER,-
VT,1,VT01-02.01,2008,IMPAIRED,Hoosic River mainstem ,RIVER,7,MILES,STREAM/CREEK/RIVER,-
VT,1,VT01-05.01,2008,IMPAIRED,Lye Brook,RIVER,4.5,MILES,STREAM/CREEK/RIVER,-
VT,1,VT02-02.01,2008,IMPAIRED,Unnamed tributary to Hubbardton River ,RIVER,3,MILES,STREAM/CREEK/RIVER,-
VT,1,VT02-05.01,2008,IMPAIRED,Mettawee River from border upstream 8.2 miles,RIVER,8.2,MILES,STREAM/CREEK/RIVER,-
VT,1,VT03-04L04_03,2008,GOOD,FERN,FRESHWATER LAKE,20,ACRES,LAKE/RESERVOIR/POND,-
VT,1,VT03-04L05_01,2008,IMPAIRED,DUNMORE,FRESHWATER LAKE,788,ACRES,LAKE/RESERVOIR/POND,-
VT,1,VT03-04L05_02,2008,IMPAIRED,DUNMORE,FRESHWATER LAKE,197,ACRES,LAKE/RESERVOIR/POND,-
VT,1,VT03-04L06,2008,GOOD,HIGH (SUDBRY),FRESHWATER LAKE,20,ACRES,LAKE/RESERVOIR/POND,-
VT,1,VT03-04L07,2008,GOOD,MUD (LEICTR),FRESHWATER LAKE,23,ACRES,LAKE/RESERVOIR/POND,-
VT,1,VT03-04L08,2008,GOOD,SMITH (PITTFD),FRESHWATER LAKE,6,ACRES,LAKE/RESERVOIR/POND,-
VT,1,VT03-04L09_01,2008,GOOD,WALKER (HUBDTN),FRESHWATER LAKE,8,ACRES,LAKE/RESERVOIR/POND,-
VT,1,VT03-04L09_02,2008,GOOD,WALKER (HUBDTN),FRESHWATER LAKE,5,ACRES,LAKE/RESERVOIR/POND,-
VT,1,VT03-04L10,2008,GOOD,DOW,FRESHWATER LAKE,11,ACRES,LAKE/RESERVOIR/POND,-
VT,1,VT03-06L01,2008,IMPAIRED,BEAVER (PROCTR),FRESHWATER LAKE,9,ACRES,LAKE/RESERVOIR/POND,-
VT,1,VT03-06L02,2008,GOOD,DUNKLEE,FRESHWATER LAKE,3,ACRES,LAKE/RESERVOIR/POND,-
VT,1,VT03-06L04,2008,GOOD,MUDDY (RUTLDC),FRESHWATER LAKE,10,ACRES,LAKE/RESERVOIR/POND,-
VT,1,VT03-06L05,2008,GOOD,OLYMPUS POOL,FRESHWATER LAKE,3,ACRES,LAKE/RESERVOIR/POND,-
VT,1,VT03-06L06,2008,GOOD,REYNOLDS,FRESHWATER LAKE,3,ACRES,LAKE/RESERVOIR/POND,-
VT,1,VT03-06L07,2008,GOOD,ROCKY,FRESHWATER LAKE,8,ACRES,LAKE/RESERVOIR/POND,-
VT,1,VT03-06L08,2008,GOOD,RUTLAND CITY,FRESHWATER LAKE,13,ACRES,LAKE/RESERVOIR/POND,-
VT,1,VT03-07L01_01,2008,GOOD,VERGENNES WATERSHED,FRESHWATER LAKE,3,ACRES,LAKE/RESERVOIR/POND,-
VT,1,VT03-07L01_02,2008,IMPAIRED,VERGENNES WATERSHED,FRESHWATER LAKE,12,ACRES,LAKE/RESERVOIR/POND,-
VT,1,VT03-08L01_01,2008,GOOD,WINONA,FRESHWATER LAKE,198,ACRES,LAKE/RESERVOIR/POND,-
VT,1,VT03-08L01_02,2008,GOOD,WINONA,FRESHWATER LAKE,50,ACRES,LAKE/RESERVOIR/POND,-
VT,1,VT03-08L02,2008,IMPAIRED,CEDAR,FRESHWATER LAKE,123,ACRES,LAKE/RESERVOIR/POND,-
VT,1,VT03-08L03,2008,GOOD,BALDWIN,FRESHWATER LAKE,9,ACRES,LAKE/RESERVOIR/POND,-
VT,1,VT03-10L01,2008,IMPAIRED,RICHVILLE,FRESHWATER LAKE,129,ACRES,LAKE/RESERVOIR/POND,-
VT,1,VT03-10L02,2008,GOOD,JOHNSON (ORWELL),FRESHWATER LAKE,20,ACRES,LAKE/RESERVOIR/POND,-
VT,1,VT03-11L01,2008,IMPAIRED,NORTH (BRISTL),FRESHWATER LAKE,6,ACRES,LAKE/RESERVOIR/POND,-
VT,1,VT03-11L02,2008,IMPAIRED,GILMORE,FRESHWATER LAKE,6,ACRES,LAKE/RESERVOIR/POND,-
VT,1,VT03-11L03,2008,GOOD,ABBEY,FRESHWATER LAKE,3,ACRES,LAKE/RESERVOIR/POND,-
VT,1,VT03-11L04,2008,GOOD,HALLOCK;,FRESHWATER LAKE,15,ACRES,LAKE/RESERVOIR/POND,-
VT,1,VT03-12L01,2008,GOOD,PLEIAD,FRESHWATER LAKE,6,ACRES,LAKE/RESERVOIR/POND,-
VT,1,VT06-05L02,2008,GOOD,FAIRFIELD SWAMP,FRESHWATER LAKE,152,ACRES,LAKE/RESERVOIR/POND,-
VT,1,VT06-05L03_01,2008,IMPAIRED,FAIRFIELD,FRESHWATER LAKE,89,ACRES,LAKE/RESERVOIR/POND,-
VT,1,VT06-05L03_02,2008,GOOD,FAIRFIELD,FRESHWATER LAKE,357,ACRES,LAKE/RESERVOIR/POND,-
VT,1,VT06-06L01,2008,IMPAIRED,KINGS HILL,FRESHWATER LAKE,6,ACRES,LAKE/RESERVOIR/POND,-
VT,1,VT06-08L01,2008,GOOD,MCALLISTER,FRESHWATER LAKE,25,ACRES,LAKE/RESERVOIR/POND,-
VT,1,VT06-08L02,2008,GOOD,LOCKWOOD,FRESHWATER LAKE,1,ACRES,LAKE/RESERVOIR/POND,-
VT,1,VT06-08L03,2008,GOOD,MUD (LOWELL),FRESHWATER LAKE,2,ACRES,LAKE/RESERVOIR/POND,-
VT,1,VT06-08L04,2008,GOOD,PHILLIPS,FRESHWATER LAKE,4,ACRES,LAKE/RESERVOIR/POND,-
VT,1,VT07-01L01,2008,GOOD,ROUND (MILTON),FRESHWATER LAKE,22,ACRES,LAKE/RESERVOIR/POND,-
VT,1,VT07-03L01,2008,GOOD,HALFMOON,FRESHWATER LAKE,21,ACRES,LAKE/RESERVOIR/POND,-
VT,1,VT07-03L02,2008,GOOD,SILVER (GEORGA),FRESHWATER LAKE,27,ACRES,LAKE/RESERVOIR/POND,-
VT,1,VT07-03L03_01,2008,IMPAIRED,ARROWHEAD MOUNTAIN,FRESHWATER LAKE,646,ACRES,LAKE/RESERVOIR/POND,-
VT,1,VT07-03L03_02,2008,IMPAIRED,ARROWHEAD MOUNTAIN,FRESHWATER LAKE,114,ACRES,LAKE/RESERVOIR/POND,-
VT,1,VT07-05L01,2008,GOOD,NORTH UNDERHILL;,FRESHWATER LAKE,12,ACRES,LAKE/RESERVOIR/POND,-
VT,1,VT07-06L01,2008,GOOD,BELDING,FRESHWATER LAKE,4,ACRES,LAKE/RESERVOIR/POND,-
VT,1,VT07-07L01,2008,IMPAIRED,LAMOILLE,FRESHWATER LAKE,148,ACRES,LAKE/RESERVOIR/POND,-
VT,1,VT07-08L01,2008,GOOD,LITTLE ELMORE,FRESHWATER LAKE,24,ACRES,LAKE/RESERVOIR/POND,-
VT,1,VT07-08L02_01,2008,GOOD,ELMORE,FRESHWATER LAKE,197,ACRES,LAKE/RESERVOIR/POND,-
VT,1,VT07-08L02_02,2008,IMPAIRED,ELMORE,FRESHWATER LAKE,17,ACRES,LAKE/RESERVOIR/POND,-
VT,1,VT07-08L02_03,2008,IMPAIRED,ELMORE,FRESHWATER LAKE,5,ACRES,LAKE/RESERVOIR/POND,-
VT,1,VT16-12L04,2008,GOOD,WHEELER (BRUNWK),FRESHWATER LAKE,66,ACRES,LAKE/RESERVOIR/POND,-
VT,1,VT16-12L05,2008,GOOD,TUTTLE (BRUNWK),FRESHWATER LAKE,14,ACRES,LAKE/RESERVOIR/POND,-
VT,1,VT16-12L06,2008,GOOD,STEVENS,FRESHWATER LAKE,26,ACRES,LAKE/RESERVOIR/POND,-
VT,1,VT16-12L07,2008,GOOD,LITTLE WHEELER,FRESHWATER LAKE,9,ACRES,LAKE/RESERVOIR/POND,-
VT,1,VT16-13L01,2008,GOOD,SOUTH AMERICA,FRESHWATER LAKE,29,ACRES,LAKE/RESERVOIR/POND,-
VT,1,VT16-13L02,2008,GOOD,MAIDSTONE,FRESHWATER LAKE,745,ACRES,LAKE/RESERVOIR/POND,-
VT,1,VT16-13L03,2008,GOOD,PAUL STREAM,FRESHWATER LAKE,20,ACRES,LAKE/RESERVOIR/POND,-
VT,1,VT16-13L04,2008,GOOD,UNKNOWN (FERDND),FRESHWATER LAKE,12,ACRES,LAKE/RESERVOIR/POND,-
VT,1,VT07-08L03,2008,GOOD,WOLCOTT,FRESHWATER LAKE,74,ACRES,LAKE/RESERVOIR/POND,-
VT,1,VT07-11L01,2008,GOOD,CAP HILL;,FRESHWATER LAKE,9,ACRES,LAKE/RESERVOIR/POND,-
VT,1,VT07-13L01,2008,GOOD,BEAR,FRESHWATER LAKE,1,ACRES,LAKE/RESERVOIR/POND,-
VT,1,VT08-02.07,2008,IMPAIRED,Unnamed tributary to Lower Winooski River,RIVER,0.4,MILES,STREAM/CREEK/RIVER,2010
VT,1,VT08-08.01,2008,IMPAIRED,Muddy Brook ,RIVER,0.1,MILES,STREAM/CREEK/RIVER,2010
VT,1,VT01-03.01,2008,NOT_ASSESSED,Hewitt Brook section,RIVER,0.2,MILES,STREAM/CREEK/RIVER,-
VT,1,VT08-20.03,2008,IMPAIRED,Folsom Brook,RIVER,0.2,MILES,STREAM/CREEK/RIVER,-
VT,1,VT07-13L02,2008,IMPAIRED,LAKE-OF-THE-CLOUDS,FRESHWATER LAKE,1,ACRES,LAKE/RESERVOIR/POND,-
VT,1,VT07-14L01,2008,GOOD,BELVIDERE-NE;,FRESHWATER LAKE,9,ACRES,LAKE/RESERVOIR/POND,-
VT,1,VT07-14L02,2008,GOOD,LOST (BELVDR),FRESHWATER LAKE,3,ACRES,LAKE/RESERVOIR/POND,-
VT,1,VT07-15L01_01,2008,GOOD,EDEN,FRESHWATER LAKE,55,ACRES,LAKE/RESERVOIR/POND,-
VT,1,VT07-15L01_02,2008,GOOD,EDEN,FRESHWATER LAKE,100,ACRES,LAKE/RESERVOIR/POND,-
VT,1,VT07-15L01_03,2008,GOOD,EDEN,FRESHWATER LAKE,39,ACRES,LAKE/RESERVOIR/POND,-
VT,1,VT07-15L02,2008,GOOD,GUT,FRESHWATER LAKE,13,ACRES,LAKE/RESERVOIR/POND,-
VT,1,VT07-15L03,2008,GOOD,LONG (EDEN),FRESHWATER LAKE,97,ACRES,LAKE/RESERVOIR/POND,-
VT,1,VT07-15L04,2008,GOOD,BIG MUDDY,FRESHWATER LAKE,17,ACRES,LAKE/RESERVOIR/POND,-
VT,1,VT07-15L05,2008,GOOD,SOUTH (EDEN),FRESHWATER LAKE,103,ACRES,LAKE/RESERVOIR/POND,-
VT,1,VT07-15L06,2008,GOOD,RITTERBUSH,FRESHWATER LAKE,14,ACRES,LAKE/RESERVOIR/POND,-
VT,1,VT07-15L07,2008,GOOD,RITTERBUSH MEADOW;,FRESHWATER LAKE,10,ACRES,LAKE/RESERVOIR/POND,-
VT,1,VT07-15L08,2008,GOOD,RUSH,FRESHWATER LAKE,14,ACRES,LAKE/RESERVOIR/POND,-
VT,1,VT07-15L09,2008,GOOD,LANDFILL;,FRESHWATER LAKE,7,ACRES,LAKE/RESERVOIR/POND,-
VT,1,VT07-18L01_01,2008,GOOD,SCHOFIELD,FRESHWATER LAKE,26,ACRES,LAKE/RESERVOIR/POND,-
VT,1,VT07-18L01_02,2008,GOOD,SCHOFIELD,FRESHWATER LAKE,3,ACRES,LAKE/RESERVOIR/POND,-
VT,1,VT16-11L04,2008,GOOD,NULHEGAN,FRESHWATER LAKE,37,ACRES,LAKE/RESERVOIR/POND,-
VT,1,VT16-11L05,2008,GOOD,MILE,FRESHWATER LAKE,26,ACRES,LAKE/RESERVOIR/POND,-
VT,1,VT16-12L01,2008,GOOD,NOTCH,FRESHWATER LAKE,22,ACRES,LAKE/RESERVOIR/POND,-
VT,1,VT16-12L02_01,2008,GOOD,WEST MOUNTAIN,FRESHWATER LAKE,40,ACRES,LAKE/RESERVOIR/POND,-
VT,1,VT16-12L02_02,2008,GOOD,WEST MOUNTAIN,FRESHWATER LAKE,20,ACRES,LAKE/RESERVOIR/POND,-
VT,1,VT16-12L03,2008,GOOD,DENNIS,FRESHWATER LAKE,49,ACRES,LAKE/RESERVOIR/POND,-
VT,1,VT03-13L01,2008,GOOD,SUGAR HOLLOW,FRESHWATER LAKE,21,ACRES,LAKE/RESERVOIR/POND,-
VT,1,VT03-14L01,2008,GOOD,SOUTH (CHITDN),FRESHWATER LAKE,10,ACRES,LAKE/RESERVOIR/POND,-
VT,1,VT03-14L02,2008,GOOD,LEFFERTS,FRESHWATER LAKE,55,ACRES,LAKE/RESERVOIR/POND,-
VT,1,VT03-14L03,2008,IMPAIRED,CHITTENDEN,FRESHWATER LAKE,702,ACRES,LAKE/RESERVOIR/POND,-
VT,1,VT03-14L04,2008,GOOD,BURR (PITTFD),FRESHWATER LAKE,20,ACRES,LAKE/RESERVOIR/POND,-
VT,1,VT03-14L05,2008,IMPAIRED,PATCH,FRESHWATER LAKE,20,ACRES,LAKE/RESERVOIR/POND,-
VT,1,VT03-14L06,2008,IMPAIRED,BEAVER (MENDON),FRESHWATER LAKE,6,ACRES,LAKE/RESERVOIR/POND,-
VT,1,VT03-15L01,2008,IMPAIRED,CHIPMAN,FRESHWATER LAKE,79,ACRES,LAKE/RESERVOIR/POND,-
VT,1,VT03-16L01,2008,GOOD,COOKS (SHRWBY),FRESHWATER LAKE,12,ACRES,LAKE/RESERVOIR/POND,-
VT,1,VT03-16L02,2008,GOOD,JOHNSON (SHRWBY),FRESHWATER LAKE,12,ACRES,LAKE/RESERVOIR/POND,-
VT,1,VT03-17L01,2008,GOOD,STAR,FRESHWATER LAKE,63,ACRES,LAKE/RESERVOIR/POND,-
VT,1,VT03-17L02,2008,GOOD,FIFIELD,FRESHWATER LAKE,6,ACRES,LAKE/RESERVOIR/POND,-
VT,1,VT03-17L03,2008,GOOD,WALLINGFORD,FRESHWATER LAKE,87,ACRES,LAKE/RESERVOIR/POND,-
VT,1,VT03-17L04_01,2008,GOOD,SPRING (SHRWBY),FRESHWATER LAKE,41,ACRES,LAKE/RESERVOIR/POND,-
VT,1,VT03-17L04_02,2008,GOOD,SPRING (SHRWBY),FRESHWATER LAKE,25,ACRES,LAKE/RESERVOIR/POND,-
VT,1,VT03-18L01,2008,GOOD,EMERALD,FRESHWATER LAKE,28,ACRES,LAKE/RESERVOIR/POND,-
VT,1,VT03-18L02,2008,IMPAIRED,GRIFFITH,FRESHWATER LAKE,13,ACRES,LAKE/RESERVOIR/POND,-
VT,1,VT03-18L03,2008,IMPAIRED,BIG MUD,FRESHWATER LAKE,15,ACRES,LAKE/RESERVOIR/POND,-
VT,1,VT03-18L04,2008,GOOD,ELFIN,FRESHWATER LAKE,16,ACRES,LAKE/RESERVOIR/POND,-
VT,1,VT03-18L05,2008,GOOD,DANBY,FRESHWATER LAKE,56,ACRES,LAKE/RESERVOIR/POND,-
VT,1,VT03-18L06,2008,IMPAIRED,LONG HOLE,FRESHWATER LAKE,1,ACRES,LAKE/RESERVOIR/POND,-
VT,1,VT03-18L07,2008,IMPAIRED,LITTLE MUD (MTTABR),FRESHWATER LAKE,7,ACRES,LAKE/RESERVOIR/POND,-
VT,1,VT03-18L08,2008,GOOD,LITTLE ROCK,FRESHWATER LAKE,18,ACRES,LAKE/RESERVOIR/POND,-
VT,1,VT04-01L01_01,2008,IMPAIRED,CHAMP-OTTER CREEK,FRESHWATER LAKE,3981,ACRES,LAKE/RESERVOIR/POND,-
VT,1,VT04-01L01_02,2008,IMPAIRED,CHAMP-OTTER CREEK,FRESHWATER LAKE,416,ACRES,LAKE/RESERVOIR/POND,-
VT,1,VT04-01L01_03,2008,IMPAIRED,CHAMP-OTTER CREEK,FRESHWATER LAKE,21,ACRES,LAKE/RESERVOIR/POND,-
VT,1,VT04-01L01_04,2008,IMPAIRED,CHAMP-OTTER CREEK,FRESHWATER LAKE,5,ACRES,LAKE/RESERVOIR/POND,-
VT,1,VT04-01L02_01,2008,IMPAIRED,CHAMP-PORT HENRY,FRESHWATER LAKE,8372,ACRES,LAKE/RESERVOIR/POND,-
VT,1,VT04-01L02_02,2008,IMPAIRED,CHAMP-PORT HENRY,FRESHWATER LAKE,925,ACRES,LAKE/RESERVOIR/POND,-
VT,1,VT04-01L02_03,2008,IMPAIRED,CHAMP-PORT HENRY,FRESHWATER LAKE,5,ACRES,LAKE/RESERVOIR/POND,-
VT,1,VT04-02L01_01,2008,IMPAIRED,CHAMP-SOUTH LAKE,FRESHWATER LAKE,4308,ACRES,LAKE/RESERVOIR/POND,-
VT,1,VT04-02L01_02,2008,IMPAIRED,CHAMP-SOUTH LAKE,FRESHWATER LAKE,1080,ACRES,LAKE/RESERVOIR/POND,-
VT,1,VT04-04L01_01,2008,GOOD,PERCH (BENSON),FRESHWATER LAKE,19,ACRES,LAKE/RESERVOIR/POND,-
VT,1,VT04-04L01_02,2008,GOOD,PERCH (BENSON),FRESHWATER LAKE,5,ACRES,LAKE/RESERVOIR/POND,-
VT,1,VT04-04L02,2008,GOOD,BULLHEAD (BENSON),FRESHWATER LAKE,7,ACRES,LAKE/RESERVOIR/POND,-
VT,1,VT04-04L03,2008,GOOD,MUD (BENSON),FRESHWATER LAKE,8,ACRES,LAKE/RESERVOIR/POND,-
VT,1,VT04-04L04,2008,GOOD,BROOKSIDE,FRESHWATER LAKE,14,ACRES,LAKE/RESERVOIR/POND,-
VT,1,VT05-01L01_01,2008,IMPAIRED,CHAMP-MISSISQUOI BAY,FRESHWATER LAKE,6398,ACRES,LAKE/RESERVOIR/POND,-
VT,1,VT05-01L01_02,2008,IMPAIRED,CHAMP-MISSISQUOI BAY,FRESHWATER LAKE,1600,ACRES,LAKE/RESERVOIR/POND,-
VT,1,VT05-01L02,2008,GOOD,CUTLER,FRESHWATER LAKE,25,ACRES,LAKE/RESERVOIR/POND,-
VT,1,VT05-01L03,2008,GOOD,BULLIS;,FRESHWATER LAKE,11,ACRES,LAKE/RESERVOIR/POND,-
VT,1,VT05-01L04,2008,GOOD,PROPER,FRESHWATER LAKE,9,ACRES,LAKE/RESERVOIR/POND,-
VT,1,VT05-02L01_01,2008,IMPAIRED,CARMI,FRESHWATER LAKE,562,ACRES,LAKE/RESERVOIR/POND,-
VT,1,VT05-02L01_02,2008,IMPAIRED,CARMI,FRESHWATER LAKE,700,ACRES,LAKE/RESERVOIR/POND,-
VT,1,VT05-02L01_03,2008,IMPAIRED,CARMI,FRESHWATER LAKE,130,ACRES,LAKE/RESERVOIR/POND,-
VT,1,VT16-14L01,2008,GOOD,DUTTON,FRESHWATER LAKE,12,ACRES,LAKE/RESERVOIR/POND,-
VT,1,VT16-15L01,2008,GOOD,NEAL,FRESHWATER LAKE,185,ACRES,LAKE/RESERVOIR/POND,-
VT,1,VT16-16L01,2008,GOOD,MILES,FRESHWATER LAKE,215,ACRES,LAKE/RESERVOIR/POND,-
VT,1,VT16-16L02,2008,GOOD,SHADOW (CONCRD),FRESHWATER LAKE,128,ACRES,LAKE/RESERVOIR/POND,-
VT,1,VT16-18L01_01,2008,GOOD,WARDEN,FRESHWATER LAKE,21,ACRES,LAKE/RESERVOIR/POND,-
VT,1,VT16-18L01_02,2008,GOOD,WARDEN,FRESHWATER LAKE,20,ACRES,LAKE/RESERVOIR/POND,-
VT,1,VT16-18L01_03,2008,GOOD,WARDEN,FRESHWATER LAKE,5,ACRES,LAKE/RESERVOIR/POND,-
VT,1,VT16-18L02,2008,GOOD,UPPER SYMES,FRESHWATER LAKE,20,ACRES,LAKE/RESERVOIR/POND,-
VT,1,VT16-18L03,2008,GOOD,LOWER SYMES,FRESHWATER LAKE,57,ACRES,LAKE/RESERVOIR/POND,-
VT,1,VT16-18L04,2008,GOOD,SARAH MOORES ,FRESHWATER LAKE,13,ACRES,LAKE/RESERVOIR/POND,-
VT,1,VT16-18L05,2008,GOOD,COBURN,FRESHWATER LAKE,5,ACRES,LAKE/RESERVOIR/POND,-
VT,1,VT16-19L01,2008,IMPAIRED,ROUND (NEWBRY),FRESHWATER LAKE,30,ACRES,LAKE/RESERVOIR/POND,-
VT,1,VT16-19L02_01,2008,GOOD,HARRIMAN (NEWBRY),FRESHWATER LAKE,15,ACRES,LAKE/RESERVOIR/POND,-
VT,1,VT16-19L02_02,2008,GOOD,HARRIMAN (NEWBRY),FRESHWATER LAKE,5,ACRES,LAKE/RESERVOIR/POND,-
VT,1,VT16-19L03_01,2008,GOOD,HALLS,FRESHWATER LAKE,78,ACRES,LAKE/RESERVOIR/POND,-
VT,1,VT16-19L03_02,2008,IMPAIRED,HALLS,FRESHWATER LAKE,7,ACRES,LAKE/RESERVOIR/POND,-
VT,1,VT16-20L01_01,2008,GOOD,MOREY,FRESHWATER LAKE,437,ACRES,LAKE/RESERVOIR/POND,-
VT,1,VT16-20L01_02,2008,IMPAIRED,MOREY,FRESHWATER LAKE,110,ACRES,LAKE/RESERVOIR/POND,-
VT,1,VT16-20L02,2008,GOOD,CHILDS ,FRESHWATER LAKE,10,ACRES,LAKE/RESERVOIR/POND,-
VT,1,VT16-21L01,2008,GOOD,LILY (NORWCH),FRESHWATER LAKE,6,ACRES,LAKE/RESERVOIR/POND,-
VT,1,VT17-01L01_01,2008,IMPAIRED,MEMPHREMAGOG,FRESHWATER LAKE,5660,ACRES,LAKE/RESERVOIR/POND,-
VT,1,VT17-01L01_02,2008,IMPAIRED,MEMPHREMAGOG,FRESHWATER LAKE,306,ACRES,LAKE/RESERVOIR/POND,-
VT,1,VT17-01L02_01,2008,GOOD,SOUTH BAY,FRESHWATER LAKE,470,ACRES,LAKE/RESERVOIR/POND,-
VT,1,VT17-02L01,2008,GOOD,BEAVER (HOLLND),FRESHWATER LAKE,40,ACRES,LAKE/RESERVOIR/POND,-
VT,1,VT17-02L02,2008,IMPAIRED,TURTLE ,FRESHWATER LAKE,27,ACRES,LAKE/RESERVOIR/POND,-
VT,1,VT17-02L03,2008,IMPAIRED,ROUND (HOLLND),FRESHWATER LAKE,14,ACRES,LAKE/RESERVOIR/POND,-
VT,1,VT17-02L04,2008,GOOD,HOLLAND,FRESHWATER LAKE,325,ACRES,LAKE/RESERVOIR/POND,-
VT,1,VT17-02L05,2008,GOOD,LINE (HOLLND),FRESHWATER LAKE,5,ACRES,LAKE/RESERVOIR/POND,-
VT,1,VT17-02L06,2008,IMPAIRED,DUCK (HOLLND),FRESHWATER LAKE,6,ACRES,LAKE/RESERVOIR/POND,-
VT,1,VT17-03L01,2008,IMPAIRED,LITTLE AVERILL,FRESHWATER LAKE,467,ACRES,LAKE/RESERVOIR/POND,-
VT,1,VT17-03L02,2008,IMPAIRED,GREAT AVERILL,FRESHWATER LAKE,828,ACRES,LAKE/RESERVOIR/POND,-
VT,1,VT17-03L03,2008,IMPAIRED,HALFWAY,FRESHWATER LAKE,22,ACRES,LAKE/RESERVOIR/POND,-
VT,1,VT17-03L04,2008,IMPAIRED,NORTON,FRESHWATER LAKE,583,ACRES,LAKE/RESERVOIR/POND,-
VT,1,VT17-04L01,2008,GOOD,TOAD (CHARTN),FRESHWATER LAKE,22,ACRES,LAKE/RESERVOIR/POND,-
VT,1,VT17-04L02_01,2008,GOOD,PENSIONER,FRESHWATER LAKE,29,ACRES,LAKE/RESERVOIR/POND,-
VT,1,VT17-04L02_02,2008,GOOD,PENSIONER,FRESHWATER LAKE,139,ACRES,LAKE/RESERVOIR/POND,-
VT,1,VT17-04L02_03,2008,GOOD,PENSIONER,FRESHWATER LAKE,5,ACRES,LAKE/RESERVOIR/POND,-
VT,1,VT17-04L03,2008,GOOD,CHARLESTON,FRESHWATER LAKE,40,ACRES,LAKE/RESERVOIR/POND,-
VT,1,VT17-04L04_01,2008,IMPAIRED,SALEM ,FRESHWATER LAKE,564,ACRES,LAKE/RESERVOIR/POND,-
VT,1,VT17-04L04_02,2008,IMPAIRED,SALEM ,FRESHWATER LAKE,150,ACRES,LAKE/RESERVOIR/POND,-
VT,1,VT17-04L04_03,2008,IMPAIRED,SALEM ,FRESHWATER LAKE,50,ACRES,LAKE/RESERVOIR/POND,-
VT,1,VT17-04L05_01,2008,GOOD,DERBY,FRESHWATER LAKE,197,ACRES,LAKE/RESERVOIR/POND,-
VT,1,VT17-04L05_02,2008,IMPAIRED,DERBY,FRESHWATER LAKE,10,ACRES,LAKE/RESERVOIR/POND,-
VT,1,VT17-04L06_01,2008,GOOD,CLYDE,FRESHWATER LAKE,149,ACRES,LAKE/RESERVOIR/POND,-
VT,1,VT17-04L06_02,2008,GOOD,CLYDE,FRESHWATER LAKE,37,ACRES,LAKE/RESERVOIR/POND,-
VT,1,VT05-11.05,2008,IMPAIRED,Mud Hollow Brook from Mouth to 3 mi upstream,RIVER,3,MILES,STREAM/CREEK/RIVER,-
